docket_number,court,name
17-60079,txsb,Seadrill Limited
22-19361,njb,BlockFi Inc.
22-11068,deb,FTX Trading Ltd.
19-23649,nysb,Purdue Pharma L.P.
22-10964,nysb,Celsius Network LLC
17-34665,vaeb,"Toys ""R"" Us, Inc."
14-10979,deb,Energy Future Holdings Corp.
15-01145,ilnb,Caesars Entertainment Operating Co.
18-23538,nysb,Sears Holdings Corp.
19-30088,canb,PG&E Corp.
20-10343,deb,Boy Scouts of America
20-32299,vaeb,Intelsat S.A.
21-30589,njb,LTL Management LLC
22-10943,nysb,Voyager Digital Holdings Inc.
23-10638,deb,Kidde-Fenwal Inc.
19-10289,deb,Imerys Talc America Inc.
16-10527,deb,TSAWD Holdings Inc. (Sports Authority)
19-11915,deb,RAIT Funding LLC
19-11104,deb,Videology Inc.
09-50026,nysb,Motors Liquidation Company (General Motors)
08-13555,nysb,Lehman Brothers Holdings Inc.
11-15463,nysb,AMR Corporation (American Airlines)